{"P1": [-70.49500593987221, -24.851217607106832, -69.00532211822116, -18.210937499366082], "P10": [-70.62682748709881, -25.70250540220252, -70.3611642824057, -23.778827768286817], "P100": [-69.80447682764344, -21.047696473013787, -68.402556909174, -17.49878569130658], "P101": [-69.82537233256704, -19.229866545604523, -68.70003152233687, -17.64404063406795], "P102": [-69.0037833377308, -24.093693071877738, -67.79992621981916, -20.9288281400066], "P103": [-69.13799987039766, -22.079200422861163, -68.12549194399799, -19.97570573892864], "P104": [-69.22674495641456, -27.2307137683257, -67.06035378939583, -21.759330830953047], "P105": [-69.05269402840662, -26.236532001750447, -66.99061446558505, -20.446070704998988], "P106": [-69.03971766563774, -26.43160405917996, -67.35390720195579, -24.04220219207747], "P107": [-69.36138070355656, -26.13854192467005, -68.81221812906335, -24.5947595274302], "P108": [-70.87637195929847, -31.310217740356393, -69.28508881319812, -26.586065547886676], "P109": [-70.76465631493693, -31.31500144655945, -69.05898646155589, -26.554905441932533], "P11": [-70.78450156819275, -27.03337056300103, -70.39927839698038, -25.666381304753372], "P110": [-71.0255072617507, -34.12067326455946, -70.82122687771817, -32.9543935979861], "P111": [-71.09200241078258, -34.97409377670641, -69.92608791932196, -31.115640873927134], "P112": [-71.43044582141749, -36.70541772404869, -69.89880704890612, -31.11002503312875], "P113": [-71.27288156912908, -36.50360325138888, -70.39749438935456, -34.80998653295211], "P114": [-72.06899980759499, -39.98110186955557, -70.82719666829155, -36.56289524991581], "P115": [-72.81150421584687, -43.44998273871238, -71.09113171325794, -36.777084658330295], "P116": [-75.01800798258228, -55.90474738588313, -66.50018179715215, -51.8691375566529], "P117": [-70.60913424225146, -31.142074107234237, -68.18720057194878, -24.252938523094315], "P118": [-70.89158059227049, -34.99021136975887, -69.86180161675117, -31.08080517581817], "P119": [-71.20514171341932, -36.409747482760054, -70.32806285042017, -34.733058329078574], "P12": [-70.72535989584247, -27.08162684130565, -70.0990408092859, -23.98068299102715], "P120": [-73.95019030693709, -51.31265511134427, -71.5586185753869, -43.17376372621493], "P121": [-75.01586098789426, -55.46858473979387, -67.37543239688756, -51.8760796951218], "P122": [-72.4367626241957, -47.46118105196393, -71.0898845316458, -44.41180172157215], "P123": [-71.11961608611347, -52.930928216064274, -68.43614598055251, -52.00400745667872], "P124": [-72.6600468917506, -53.144182111015596, -68.60626703669436, -50.70741675677789], "P125": [-72.69287592268563, -53.591309110726854, -68.60315953008819, -50.948814826343096], "P13": [-71.1090644322777, -27.907869176621148, -70.62970098920925, -26.570372608409116], "P14": [-71.27493609282641, -28.566868003055845, -70.85738654155563, -27.797762033590914], "P15": [-71.14224051968421, -28.343356528980564, -69.77217095842298, -25.46826888769897], "P16": [-69.85360201831844, -26.793706088665033, -69.38166569111871, -26.04309690379904], "P17": [-71.7098947706271, -30.780045135074886, -70.9885670025651, -28.52391200693353], "P18": [-71.41628346960641, -29.99693396942712, -69.86599301056896, -27.78627477725911], "P19": [-71.69729311938192, -31.022445446899837, -70.63711492911062, -29.339509650849664], "P2": [-70.1103931358345, -21.396063262109806, -69.8779266903644, -18.300176880658455], "P20": [-71.60625132763664, -32.00038414071548, -70.22406964939478, -29.698501964094305], "P21": [-71.71821985056562, -31.676826489350958, -71.27202909186906, -30.57286344009566], "P22": [-69.71911506940489, -26.08849378496018, -68.38598545256656, -19.019481736193143], "P23": [-69.87124198912647, -24.985776319221713, -67.86450763581871, -18.128612073588272], "P24": [-70.52541305696695, -26.62382382500948, -69.36888055029709, -24.27331194009389], "P25": [-70.27721011785263, -28.360942247286857, -68.92380231502477, -25.980737698186203], "P26": [-70.82088391316205, -29.969972601154552, -69.8559446470278, -28.433440349392583], "P27": [-71.41637952259686, -32.97669230340705, -70.31188379769907, -31.617517040379084], "P28": [-71.14054136219409, -32.74611547295069, -70.80331461377835, -31.962820706210607], "P29": [-69.9618147556464, -21.16924696387622, -69.5289260617883, -19.622016392342573], "P3": [-70.316304592383, -22.98315533994696, -70.03919592735014, -20.179402245317306], "P30": [-70.3371523702856, -21.64677056041296, -69.5492400803654, -18.314707051589096], "P31": [-69.90734945811096, -20.963374189866897, -68.96989347640277, -18.175335392714146], "P32": [-71.17604038135846, -34.62070490440777, -70.56526215442483, -32.22274933441423], "P33": [-70.81387433992882, -33.99297447129476, -70.38714785199176, -32.94521724587918], "P34": [-72.05296827786367, -34.56660192663759, -71.19356618143411, -33.53149601572852], "P35": [-72.37054612110654, -36.40852161328178, -70.82067943970435, -34.43444254458774], "P36": [-71.56032868392157, -32.99935732967697, -71.15899575275176, -31.612252108747782], "P37": [-71.3726680860633, -32.851096517190456, -70.55789550537321, -31.333146941578036], "P38": [-71.19593031743017, -34.60219914097752, -70.00687339728944, -30.996481145288556], "P39": [-71.69148817364027, -34.60703385043183, -70.74700461607011, -31.975384699244444], "P4": [-69.9237864660725, -19.055678213778492, -69.48563418776752, -18.20102630671863], "P40": [-71.74562882401096, -33.94096389576714, -70.9314798431202, -31.89872639990341], "P41": [-71.4022963093272, -34.76047018215314, -70.1776578779087, -32.842433026862636], "P42": [-73.67157632069063, -37.298944155448396, -71.4852769964362, -34.160146999384494], "P43": [-72.57858208389604, -36.79375275068884, -70.81965104965616, -34.37410688282631], "P44": [-71.75259865440432, -36.52082495021125, -70.38268388175572, -34.144370724229475], "P45": [-72.67625179998055, -37.43774450380579, -71.74499574625662, -36.3061865597619], "P46": [-71.23983208738088, -34.5986798959604, -70.76578580766886, -32.91259879659714], "P47": [-73.21073464628688, -38.77744339119948, -70.58573531703121, -34.638237865784845], "P48": [-71.78019162644239, -37.34641448204269, -70.4341646064114, -34.579600374057975], "P49": [-72.7611745325786, -36.52330309236379, -72.14117530309773, -35.574667193136406], "P5": [-70.1177106234465, -23.93126211765258, -67.98487036867255, -20.745857789905017], "P50": [-72.82782163825794, -36.3890909277041, -71.88006453944689, -35.0560895856658], "P51": [-71.75790882193456, -36.665843539447735, -70.94702357427849, -35.31486003456291], "P52": [-73.68426498673972, -37.485434835149476, -72.60010325076439, -36.39913783884015], "P53": [-73.50352581686292, -38.89252327612826, -71.52630901624804, -36.714148772347926], "P54": [-73.81315486190732, -41.28561069717591, -71.62720806919702, -38.44387414957231], "P55": [-73.68074358065167, -38.55965302176952, -72.66561455316906, -37.34206741018278], "P56": [-73.42218814436734, -38.58352494541987, -72.74331670909879, -37.264223930290086], "P57": [-71.75290228621151, -37.320918862115775, -71.1681033525876, -36.342349396407485], "P58": [-72.51023678300112, -40.39281451767579, -71.37528636507363, -37.32327819303413], "P59": [-72.4403188619259, -40.40558028710052, -71.42219019701992, -37.33324275504907], "P6": [-70.35957298510516, -21.43220849362706, -69.98443911996935, -18.681770868330887], "P60": [-71.72241773299197, -38.55356524643895, -71.01600918527566, -36.34227055104503], "P61": [-72.02569862109442, -39.61964831062102, -71.06330007823595, -37.49009202742508], "P62": [-72.69077919740198, -43.15454402068997, -71.5930793794098, -39.602429214436654], "P63": [-73.1832266403971, -48.866074120124495, -71.5381142566676, -42.796170468892], "P64": [-71.97744605609057, -39.60283790144797, -70.88431301523343, -36.34264414111419], "P65": [-74.13831918808, -48.09909961135793, -71.59741029674774, -39.62301388488282], "P66": [-73.40514435932471, -55.326646235035696, -66.42432076119411, -50.77420178788219],